action	min_reward	mean_reward	max_reward
0	0.0	1.2101385262522846	6.564312482579681
1	0.0	0.3916566118949473	1.8804648564843633
2	0.0	0.1256767168319603	0.9584644009640338
