mean	std
0.03587443020484471	0.29638350965964194
