mean	std
0.1209283291998849	0.26967917467123553
