mean	std
0.06946606815347904	1.0061091797361552
