best_profit	one_std_profit
191581.8541293725	63901.42733140344
