best_profit	one_std_profit
206416.59179248917	233717.84049694598
