	AAPL	LULU	SPY	TSLA	TTWO	XOM
AAPL	0.0034774451334251347	-0.0006530177763331769	0.0005539637378872233	0.0025250955982026586	0.0011636278471496688	-0.00036962617332695957
LULU	-0.0006530177763331769	0.015633530094424537	0.00028910837107980425	0.007922620786993987	-0.0011082754924369891	-0.0028384088115158347
SPY	0.0005539637378872233	0.00028910837107980425	0.000974689666877982	0.0017332967669207514	0.0002868085842316887	0.00010245520117040039
TSLA	0.0025250955982026586	0.007922620786993987	0.0017332967669207514	0.023769323533105867	-5.734586706013778e-05	-0.003347520552406629
TTWO	0.0011636278471496688	-0.0011082754924369891	0.0002868085842316887	-5.734586706013778e-05	0.005690026805870979	-0.0003918328221599661
XOM	-0.00036962617332695957	-0.0028384088115158347	0.00010245520117040039	-0.003347520552406629	-0.0003918328221599661	0.002204512438735238
