asset	estimated_return
AAPL	0.01925953142307981
LULU	-0.025045485065382102
SPY	0.0169907798341025
TSLA	0.05011591664007055
TTWO	0.02226275242227041
XOM	0.011224581043330215
