asset	allocation
AAPL	0.111198
LULU	0.101089
SPY	0.323866
TSLA	0.003323
TTWO	0.08984
XOM	0.370684
