asset	allocation
AAPL	0.11119806090738373
LULU	0.1010886128430122
SPY	0.323865831051989
TSLA	0.0033234918361152244
TTWO	0.08983966639435323
XOM	0.37068433696714664
