strategy	regret
uniform	634.3145745925538
just-0	0.0
just-1	818.4819143573372
just-2	1084.4618094203242
actual	24.758810638277893
